{"customer_id": 1001, "customer_name": "Richard Cox", "date_of_birth": "1996-10-25", "telephone": "+1 6680703335", "email": "richard.cox@gmail.com", "created_date": "2024-10-01"}
{"customer_id": 1002, "customer_name": "Carla Morton", "date_of_birth": "2004-06-21", "telephone": "+1 8616454195", "email": null, "created_date": "2024-10-01"}
{"customer_id": 1003, "customer_name": "Billy Scott", "date_of_birth": "1997-03-17", "telephone": "+1 5544387564", "email": "billy.scott@hotmail.com", "created_date": "2024-10-01"}
{"customer_id": 1004, "customer_name": "Lori Mason", "date_of_birth": "2002-11-01", "telephone": null, "email": "lori.mason@yahoo.com", "created_date": "2024-10-01"}
{"customer_id": 1005, "customer_name": "Jennifer Haas", "date_of_birth": "2001-04-03", "telephone": "+1 4725460000", "email": "jennifer.haas@gmail.com", "created_date": "2024-10-01"}
{"customer_id": 1006, "customer_name": "Joseph Keller", "date_of_birth": "2003-02-11", "telephone": "+1 3817867756", "email": null, "created_date": "2024-10-01"}
{"customer_id": 1007, "customer_name": "Jessica Harris", "date_of_birth": "2004-04-19", "telephone": "+1 8604009935", "email": null, "created_date": "2024-10-01"}
{"customer_id": 1008, "customer_name": null, "date_of_birth": "2003-09-05", "telephone": "+1 1448753611", "email": "william.carter@hotmail.com", "created_date": "2024-10-01"}
{"customer_id": 1009, "customer_name": "Shannon Austin", "date_of_birth": "2002-03-22", "telephone": "+1 4594705629", "email": "austin.shannon@outlook.com", "created_date": "2024-10-01"}
{"customer_id": 1010, "customer_name": "Andrew Phillips", "date_of_birth": "2003-04-17", "telephone": "+1 4079273853", "email": "andrew.phillips@yahoo.com", "created_date": "2024-10-01"}