{"customer_id": 1002, "customer_name": "Carla Morton", "date_of_birth": "2004-06-21", "telephone": "+1 8616454195", "email": "carla.morton@yahoo.com", "created_date": "2025-01-14"}
{"customer_id": 1004, "customer_name": "Lori Mason", "date_of_birth": "2002-11-01", "telephone": "+1 0498301620", "email": "lori.mason@yahoo.com", "created_date": "2025-01-14"}
{"customer_id": 1008, "customer_name": "William Carter", "date_of_birth": "2003-09-05", "telephone": "+1 1448753611", "email": "william.carter@hotmail.com", "created_date": "2025-01-14"}
{"customer_id": 1009, "customer_name": "Shannon Austin", "date_of_birth": "2002-03-22", "telephone": "+1 4594705629", "email": "shannon.austin@yahoo.com", "created_date": "2025-01-14"}
{"customer_id": 1011, "customer_name": "Martin Thomas DDS", "date_of_birth": "2002-05-01", "telephone": "+1 0201457151", "email": "martin.dds@gmail.com", "created_date": "2025-01-14"}
{"customer_id": 1012, "customer_name": "Rachel Thomas", "date_of_birth": "2003-02-17", "telephone": "+1 5437271621", "email": "rachel.thomas@gmail.com", "created_date": "2025-01-14"}
{"customer_id": 1013, "customer_name": "Dr. Daniel Hall", "date_of_birth": "2004-03-21", "telephone": "+1 7544137170", "email": "dr.hall@hotmail.com", "created_date": "2025-01-14"}