{"order_id": 13, "customer_id": 1011, "order_timestamp": "2024-11-16 23:07:31", "payment_method": "Bank Transfer", "items": [{"item_id": 8, "name": "Gaming Console", "category": "Electronics", "price": 499, "quantity": 2}], "order_status": "Cancelled"}
{"order_id": 14, "customer_id": 1012, "order_timestamp": "2024-11-19 19:18:48", "payment_method": "Credit Card", "items": [{"item_id": 7, "name": "External Hard Drive", "category": "Electronics", "price": 129, "quantity": 2}], "order_status": "Pending"}
{"order_id": 15, "customer_id": 1013, "order_timestamp": "2024-11-27 13:15:29", "payment_method": "Bank Transfer", "items": [{"item_id": 2, "name": "Laptop", "category": "Electronics", "price": 999, "quantity": 1}], "order_status": "Shipped"}
{"order_id": 16, "customer_id": 1013, "order_timestamp": "2024-11-18 02:38:21", "payment_method": "PayPal", "items": [{"item_id": 5, "name": "Tablet", "category": "Electronics", "price": 399, "quantity": 2}], "order_status": "Pending"}