{"order_id": 1, "customer_id": 1001, "order_timestamp": "2024-10-28 04:47:27", "payment_method": "Credit Card", "items": [{"item_id": 10, "name": "Drone", "category": "Electronics", "price": 799, "quantity": 1}], "order_status": "Pending"}
{"order_id": 2, "customer_id": 1001, "order_timestamp": "2024-10-07 22:09:27", "payment_method": "Credit Card", "items": [{"item_id": 5, "name": "Tablet", "category": "Electronics", "price": 399, "quantity": 1}], "order_status": "Pending"}
{"order_id": 3, "customer_id": 1002, "order_timestamp": "2024-10-13 17:34:19", "payment_method": "Bank Transfer", "items": [{"item_id": 4, "name": "Smartwatch", "category": "Electronics", "price": 299, "quantity": 3}], "order_status": "Unknown"}
{"order_id": 4, "customer_id": 1003, "order_timestamp": "2024-10-20 01:47:25", "payment_method": "Bank Transfer", "items": [{"item_id": 9, "name": "Smart TV", "category": "Electronics", "price": 1199, "quantity": 1}], "order_status": "Completed"}
{"order_id": 5, "customer_id": 1004, "order_timestamp": "2024-10-13 12:40:26", "payment_method": "PayPal", "items": [{"item_id": 8, "name": "Gaming Console", "category": "Electronics", "price": 499, "quantity": 1}], "order_status": "Shipped"}
{"order_id": 6, "customer_id": 1005, "order_timestamp": "2024-10-29 21:39:19", "payment_method": "PayPal", "items": [{"item_id": 7, "name": "External Hard Drive", "category": "Electronics", "price": 129, "quantity": 3}], "order_status": "Unknown"}
{"order_id": 7, "customer_id": 1006, "order_timestamp": "2024-10-25 05:49:16", "payment_method": "Bank Transfer", "items": [{"item_id": 1, "name": "Smartphone", "category": "Electronics", "price": 699, "quantity": 1}], "order_status": "Shipped"}
{"order_id": 8, "customer_id": 1006, "order_timestamp": "2024-10-23 02:51:05", "payment_method": "PayPal", "items": [{"item_id": 8, "name": "Gaming Console", "category": "Electronics", "price": 499, "quantity": 1}], "order_status": "Pending"}
{"order_id": 9, "customer_id": 1007, "order_timestamp": "2024-10-06 10:23:28", "payment_method": "Unknown", "items": [{"item_id": 3, "name": "Wireless Headphones", "category": "Electronics", "price": 199, "quantity": 1}, {"item_id": 7, "name": "External Hard Drive", "category": "Electronics", "price": 129, "quantity": 1}], "order_status": "Cancelled"}
{"order_id": 10, "customer_id": 1008, "order_timestamp": "2024-10-15 13:09:33", "payment_method": "Credit Card", "items": [{"item_id": 3, "name": "Wireless Headphones", "category": "Electronics", "price": 199, "quantity": 2}], "order_status": "Pending"}
{"order_id": 11, "customer_id": 1009, "order_timestamp": "2024-10-25 03:37:42", "payment_method": "PayPal", "items": [{"item_id": 10, "name": "Drone", "category": "Electronics", "price": 799, "quantity": 1}, {"item_id": 3, "name": "Wireless Headphones", "category": "Electronics", "price": 199, "quantity": 1}], "order_status": "Completed"}
{"order_id": 12, "customer_id": 1010, "order_timestamp": "2024-10-23 20:06:42", "payment_method": "Bank Transfer", "items": [{"item_id": 8, "name": "Gaming Console", "category": "Electronics", "price": 499, "quantity": 2}], "order_status": "Shipped"}